source,sourceId,sourceUrl,countryRef,formationCode,formationLabel,title,level,durationYears,description,schoolName,schoolCity,schoolType,schoolWebsiteUrl,schoolUai,languageCode,languageMinLevel,costPerYear,admissionPlatform,applicationOpens,applicationCloses,applicationFee,workStudy,resultingDiplomaCode,resultingDiplomaLabel,acceptedDiplomas,domains,outcomesJobs,outcomesNextLevels,internationallyRecognizedIn,documents,recommendsInternshipWeeks,isCurated
"parcoursup","2588","https://dossierappel.parcoursup.fr/Candidats/public/fiches/afficherFicheFormation?g_ta_cod=2588&typeBac=0&originePc=0","FR","BTS","BTS Services informatiques aux organisations (SIO)","BTS SIO — Lycée Marie Curie","bachelor","2","Le BTS Services informatiques aux organisations (SIO) forme en 2 ans des techniciens IT, en option SISR (solutions d'infrastructure, systèmes et réseaux) ou SLAM (solutions logicielles et applications métiers). Capacité indicative : 32 places. Taux d'accès : 12%.","Lycée Marie Curie","Marseille","public","","0130051K","fr","B2","0","parcoursup","","","0","false","BTS_BACHELOR","BTS SIO (Bac+2)","Bac général|Bac STI2D|Bac STMG|Bac pro SN|Bac pro MELEC","Réseaux|Systèmes|Développement|Cybersécurité","Technicien support|Administrateur systèmes et réseaux|Développeur d'applications|Technicien d'infrastructure","licence_pro|bachelor","FR","","8","true"
"parcoursup","28126","https://dossierappel.parcoursup.fr/Candidats/public/fiches/afficherFicheFormation?g_ta_cod=28126&typeBac=0&originePc=0","FR","BTS","BTS Services informatiques aux organisations (SIO)","BTS SIO — Lycée Felix Le Dantec","bachelor","2","Le BTS Services informatiques aux organisations (SIO) forme en 2 ans des techniciens IT, en option SISR (solutions d'infrastructure, systèmes et réseaux) ou SLAM (solutions logicielles et applications métiers). Capacité indicative : 35 places. Taux d'accès : 90%.","Lycée Felix Le Dantec","Lannion","public","","0220023F","fr","B2","0","parcoursup","","","0","false","BTS_BACHELOR","BTS SIO (Bac+2)","Bac général|Bac STI2D|Bac STMG|Bac pro SN|Bac pro MELEC","Réseaux|Systèmes|Développement|Cybersécurité","Technicien support|Administrateur systèmes et réseaux|Développeur d'applications|Technicien d'infrastructure","licence_pro|bachelor","FR","","8","true"
"parcoursup","28239","https://dossierappel.parcoursup.fr/Candidats/public/fiches/afficherFicheFormation?g_ta_cod=28239&typeBac=0&originePc=0","FR","BTS","BTS Services informatiques aux organisations (SIO)","BTS SIO — Lycée privé polyvalent SAINT LAZARE","bachelor","2","Le BTS Services informatiques aux organisations (SIO) forme en 2 ans des techniciens IT, en option SISR (solutions d'infrastructure, systèmes et réseaux) ou SLAM (solutions logicielles et applications métiers). Capacité indicative : 12 places. Taux d'accès : 100%.","Lycée privé polyvalent SAINT LAZARE","Autun","privé","","0711494N","fr","B2","5000","parcoursup","","","0","false","BTS_BACHELOR","BTS SIO (Bac+2)","Bac général|Bac STI2D|Bac STMG|Bac pro SN|Bac pro MELEC","Réseaux|Systèmes|Développement|Cybersécurité","Technicien support|Administrateur systèmes et réseaux|Développeur d'applications|Technicien d'infrastructure","licence_pro|bachelor","FR","","8","true"
"parcoursup","3021","https://dossierappel.parcoursup.fr/Candidats/public/fiches/afficherFicheFormation?g_ta_cod=3021&typeBac=0&originePc=0","FR","BTS","BTS Services informatiques aux organisations (SIO)","BTS SIO — Lycée Maurice Merleau-Ponty","bachelor","2","Le BTS Services informatiques aux organisations (SIO) forme en 2 ans des techniciens IT, en option SISR (solutions d'infrastructure, systèmes et réseaux) ou SLAM (solutions logicielles et applications métiers). Capacité indicative : 28 places. Taux d'accès : 73%.","Lycée Maurice Merleau-Ponty","Rochefort","public","","0170022G","fr","B2","0","parcoursup","","","0","false","BTS_BACHELOR","BTS SIO (Bac+2)","Bac général|Bac STI2D|Bac STMG|Bac pro SN|Bac pro MELEC","Réseaux|Systèmes|Développement|Cybersécurité","Technicien support|Administrateur systèmes et réseaux|Développeur d'applications|Technicien d'infrastructure","licence_pro|bachelor","FR","","8","true"
"parcoursup","33495","https://dossierappel.parcoursup.fr/Candidats/public/fiches/afficherFicheFormation?g_ta_cod=33495&typeBac=0&originePc=0","FR","BTS","BTS Services informatiques aux organisations (SIO)","BTS SIO — EPSI Ecole Privée des Sciences Informatiques de LILLE","bachelor","2","Le BTS Services informatiques aux organisations (SIO) forme en 2 ans des techniciens IT, en option SISR (solutions d'infrastructure, systèmes et réseaux) ou SLAM (solutions logicielles et applications métiers). Capacité indicative : 40 places. Taux d'accès : 66%.","EPSI Ecole Privée des Sciences Informatiques de LILLE","Lille","privé","","0597010Z","fr","B2","5000","parcoursup","","","0","false","BTS_BACHELOR","BTS SIO (Bac+2)","Bac général|Bac STI2D|Bac STMG|Bac pro SN|Bac pro MELEC","Réseaux|Systèmes|Développement|Cybersécurité","Technicien support|Administrateur systèmes et réseaux|Développeur d'applications|Technicien d'infrastructure","licence_pro|bachelor","FR","","8","true"
"parcoursup","8310","https://dossierappel.parcoursup.fr/Candidats/public/fiches/afficherFicheFormation?g_ta_cod=8310&typeBac=0&originePc=0","FR","BTS","BTS Services informatiques aux organisations (SIO)","BTS SIO — Institution des Chartreux","bachelor","2","Le BTS Services informatiques aux organisations (SIO) forme en 2 ans des techniciens IT, en option SISR (solutions d'infrastructure, systèmes et réseaux) ou SLAM (solutions logicielles et applications métiers). Capacité indicative : 35 places. Taux d'accès : 54%.","Institution des Chartreux","Lyon","privé","","0690564N","fr","B2","5000","parcoursup","","","0","false","BTS_BACHELOR","BTS SIO (Bac+2)","Bac général|Bac STI2D|Bac STMG|Bac pro SN|Bac pro MELEC","Réseaux|Systèmes|Développement|Cybersécurité","Technicien support|Administrateur systèmes et réseaux|Développeur d'applications|Technicien d'infrastructure","licence_pro|bachelor","FR","","8","true"
"parcoursup","8951","https://dossierappel.parcoursup.fr/Candidats/public/fiches/afficherFicheFormation?g_ta_cod=8951&typeBac=0&originePc=0","FR","BTS","BTS Services informatiques aux organisations (SIO)","BTS SIO — Lycée Turgot","bachelor","2","Le BTS Services informatiques aux organisations (SIO) forme en 2 ans des techniciens IT, en option SISR (solutions d'infrastructure, systèmes et réseaux) ou SLAM (solutions logicielles et applications métiers). Capacité indicative : 48 places. Taux d'accès : 5%.","Lycée Turgot","Paris","public","","0750647W","fr","B2","0","parcoursup","","","0","false","BTS_BACHELOR","BTS SIO (Bac+2)","Bac général|Bac STI2D|Bac STMG|Bac pro SN|Bac pro MELEC","Réseaux|Systèmes|Développement|Cybersécurité","Technicien support|Administrateur systèmes et réseaux|Développeur d'applications|Technicien d'infrastructure","licence_pro|bachelor","FR","","8","true"
"parcoursup","5834","https://dossierappel.parcoursup.fr/Candidats/public/fiches/afficherFicheFormation?g_ta_cod=5834&typeBac=0&originePc=0","FR","BTS","BTS Services informatiques aux organisations (SIO)","BTS SIO — Lycée Polyvalent Chevrollier","bachelor","2","Le BTS Services informatiques aux organisations (SIO) forme en 2 ans des techniciens IT, en option SISR (solutions d'infrastructure, systèmes et réseaux) ou SLAM (solutions logicielles et applications métiers). Capacité indicative : 70 places. Taux d'accès : 44%.","Lycée Polyvalent Chevrollier","Angers","public","","0490003M","fr","B2","0","parcoursup","","","0","false","BTS_BACHELOR","BTS SIO (Bac+2)","Bac général|Bac STI2D|Bac STMG|Bac pro SN|Bac pro MELEC","Réseaux|Systèmes|Développement|Cybersécurité","Technicien support|Administrateur systèmes et réseaux|Développeur d'applications|Technicien d'infrastructure","licence_pro|bachelor","FR","","8","true"
"parcoursup","6013","https://dossierappel.parcoursup.fr/Candidats/public/fiches/afficherFicheFormation?g_ta_cod=6013&typeBac=0&originePc=0","FR","BTS","BTS Services informatiques aux organisations (SIO)","BTS SIO — Lycée Notre Dame De La Providence","bachelor","2","Le BTS Services informatiques aux organisations (SIO) forme en 2 ans des techniciens IT, en option SISR (solutions d'infrastructure, systèmes et réseaux) ou SLAM (solutions logicielles et applications métiers). Capacité indicative : 24 places. Taux d'accès : 82%.","Lycée Notre Dame De La Providence","Avranches","privé","","0500112A","fr","B2","5000","parcoursup","","","0","false","BTS_BACHELOR","BTS SIO (Bac+2)","Bac général|Bac STI2D|Bac STMG|Bac pro SN|Bac pro MELEC","Réseaux|Systèmes|Développement|Cybersécurité","Technicien support|Administrateur systèmes et réseaux|Développeur d'applications|Technicien d'infrastructure","licence_pro|bachelor","FR","","8","true"
"parcoursup","6070","https://dossierappel.parcoursup.fr/Candidats/public/fiches/afficherFicheFormation?g_ta_cod=6070&typeBac=0&originePc=0","FR","BTS","BTS Services informatiques aux organisations (SIO)","BTS SIO — Lycée Franklin Roosevelt","bachelor","2","Le BTS Services informatiques aux organisations (SIO) forme en 2 ans des techniciens IT, en option SISR (solutions d'infrastructure, systèmes et réseaux) ou SLAM (solutions logicielles et applications métiers). Capacité indicative : 36 places. Taux d'accès : 34%.","Lycée Franklin Roosevelt","Reims","public","","0510034K","fr","B2","0","parcoursup","","","0","false","BTS_BACHELOR","BTS SIO (Bac+2)","Bac général|Bac STI2D|Bac STMG|Bac pro SN|Bac pro MELEC","Réseaux|Systèmes|Développement|Cybersécurité","Technicien support|Administrateur systèmes et réseaux|Développeur d'applications|Technicien d'infrastructure","licence_pro|bachelor","FR","","8","true"
"parcoursup","37511","https://dossierappel.parcoursup.fr/Candidats/public/fiches/afficherFicheFormation?g_ta_cod=37511&typeBac=0&originePc=0","FR","BTS","BTS Services informatiques aux organisations (SIO)","BTS SIO — EPSI, Ecole privée en sciences informatiques","bachelor","2","Le BTS Services informatiques aux organisations (SIO) forme en 2 ans des techniciens IT, en option SISR (solutions d'infrastructure, systèmes et réseaux) ou SLAM (solutions logicielles et applications métiers). Capacité indicative : 90 places. Taux d'accès : 100%.","EPSI, Ecole privée en sciences informatiques","Montpellier","privé","","0341588S","fr","B2","5000","parcoursup","","","0","false","BTS_BACHELOR","BTS SIO (Bac+2)","Bac général|Bac STI2D|Bac STMG|Bac pro SN|Bac pro MELEC","Réseaux|Systèmes|Développement|Cybersécurité","Technicien support|Administrateur systèmes et réseaux|Développeur d'applications|Technicien d'infrastructure","licence_pro|bachelor","FR","","8","true"
"parcoursup","11683","https://dossierappel.parcoursup.fr/Candidats/public/fiches/afficherFicheFormation?g_ta_cod=11683&typeBac=0&originePc=0","FR","BTS","BTS Services informatiques aux organisations (SIO)","BTS SIO — Lycée Laetitia Bonaparte","bachelor","2","Le BTS Services informatiques aux organisations (SIO) forme en 2 ans des techniciens IT, en option SISR (solutions d'infrastructure, systèmes et réseaux) ou SLAM (solutions logicielles et applications métiers). Capacité indicative : 24 places. Taux d'accès : 51%.","Lycée Laetitia Bonaparte","Ajaccio","public","","6200002H","fr","B2","0","parcoursup","","","0","false","BTS_BACHELOR","BTS SIO (Bac+2)","Bac général|Bac STI2D|Bac STMG|Bac pro SN|Bac pro MELEC","Réseaux|Systèmes|Développement|Cybersécurité","Technicien support|Administrateur systèmes et réseaux|Développeur d'applications|Technicien d'infrastructure","licence_pro|bachelor","FR","","8","true"
"parcoursup","11934","https://dossierappel.parcoursup.fr/Candidats/public/fiches/afficherFicheFormation?g_ta_cod=11934&typeBac=0&originePc=0","FR","BTS","BTS Services informatiques aux organisations (SIO)","BTS SIO — Lycée Pierre Poivre","bachelor","2","Le BTS Services informatiques aux organisations (SIO) forme en 2 ans des techniciens IT, en option SISR (solutions d'infrastructure, systèmes et réseaux) ou SLAM (solutions logicielles et applications métiers). Capacité indicative : 30 places. Taux d'accès : 56%.","Lycée Pierre Poivre","Saint-Joseph","public","","9740952S","fr","B2","0","parcoursup","","","0","false","BTS_BACHELOR","BTS SIO (Bac+2)","Bac général|Bac STI2D|Bac STMG|Bac pro SN|Bac pro MELEC","Réseaux|Systèmes|Développement|Cybersécurité","Technicien support|Administrateur systèmes et réseaux|Développeur d'applications|Technicien d'infrastructure","licence_pro|bachelor","FR","","8","true"
"parcoursup","14228","https://dossierappel.parcoursup.fr/Candidats/public/fiches/afficherFicheFormation?g_ta_cod=14228&typeBac=0&originePc=0","FR","BTS","BTS Services informatiques aux organisations (SIO)","BTS SIO — Lycée La Mennais","bachelor","2","Le BTS Services informatiques aux organisations (SIO) forme en 2 ans des techniciens IT, en option SISR (solutions d'infrastructure, systèmes et réseaux) ou SLAM (solutions logicielles et applications métiers). Capacité indicative : 18 places. Taux d'accès : 87%.","Lycée La Mennais","Papeete","privé","","9840465H","fr","B2","5000","parcoursup","","","0","false","BTS_BACHELOR","BTS SIO (Bac+2)","Bac général|Bac STI2D|Bac STMG|Bac pro SN|Bac pro MELEC","Réseaux|Systèmes|Développement|Cybersécurité","Technicien support|Administrateur systèmes et réseaux|Développeur d'applications|Technicien d'infrastructure","licence_pro|bachelor","FR","","8","true"
"parcoursup","16868","https://dossierappel.parcoursup.fr/Candidats/public/fiches/afficherFicheFormation?g_ta_cod=16868&typeBac=0&originePc=0","FR","BTS","BTS Services informatiques aux organisations (SIO)","BTS SIO — Lycée Les Perseverants","bachelor","2","Le BTS Services informatiques aux organisations (SIO) forme en 2 ans des techniciens IT, en option SISR (solutions d'infrastructure, systèmes et réseaux) ou SLAM (solutions logicielles et applications métiers). Capacité indicative : 30 places. Taux d'accès : 96%.","Lycée Les Perseverants","Basse-Terre","privé","","9710991A","fr","B2","5000","parcoursup","","","0","false","BTS_BACHELOR","BTS SIO (Bac+2)","Bac général|Bac STI2D|Bac STMG|Bac pro SN|Bac pro MELEC","Réseaux|Systèmes|Développement|Cybersécurité","Technicien support|Administrateur systèmes et réseaux|Développeur d'applications|Technicien d'infrastructure","licence_pro|bachelor","FR","","8","true"
"parcoursup","4846","https://dossierappel.parcoursup.fr/Candidats/public/fiches/afficherFicheFormation?g_ta_cod=4846&typeBac=0&originePc=0","FR","BTS","BTS Services informatiques aux organisations (SIO)","BTS SIO — Lycée Paul-Louis Courier","bachelor","2","Le BTS Services informatiques aux organisations (SIO) forme en 2 ans des techniciens IT, en option SISR (solutions d'infrastructure, systèmes et réseaux) ou SLAM (solutions logicielles et applications métiers). Capacité indicative : 32 places. Taux d'accès : 33%.","Lycée Paul-Louis Courier","Tours","public","","0370039S","fr","B2","0","parcoursup","","","0","false","BTS_BACHELOR","BTS SIO (Bac+2)","Bac général|Bac STI2D|Bac STMG|Bac pro SN|Bac pro MELEC","Réseaux|Systèmes|Développement|Cybersécurité","Technicien support|Administrateur systèmes et réseaux|Développeur d'applications|Technicien d'infrastructure","licence_pro|bachelor","FR","","8","true"
"parcoursup","31218","https://dossierappel.parcoursup.fr/Candidats/public/fiches/afficherFicheFormation?g_ta_cod=31218&typeBac=0&originePc=0","FR","BTS","BTS Services informatiques aux organisations (SIO)","BTS SIO — Lycée Melkior Garre","bachelor","2","Le BTS Services informatiques aux organisations (SIO) forme en 2 ans des techniciens IT, en option SISR (solutions d'infrastructure, systèmes et réseaux) ou SLAM (solutions logicielles et applications métiers). Capacité indicative : 28 places. Taux d'accès : 29%.","Lycée Melkior Garre","Cayenne","public","","9730309Y","fr","B2","0","parcoursup","","","0","false","BTS_BACHELOR","BTS SIO (Bac+2)","Bac général|Bac STI2D|Bac STMG|Bac pro SN|Bac pro MELEC","Réseaux|Systèmes|Développement|Cybersécurité","Technicien support|Administrateur systèmes et réseaux|Développeur d'applications|Technicien d'infrastructure","licence_pro|bachelor","FR","","8","true"
"parcoursup","2175","https://dossierappel.parcoursup.fr/Candidats/public/fiches/afficherFicheFormation?g_ta_cod=2175&typeBac=0&originePc=0","FR","BTS","BTS Services informatiques aux organisations (SIO)","BTS SIO — Lycée Dominique Villars","bachelor","2","Le BTS Services informatiques aux organisations (SIO) forme en 2 ans des techniciens IT, en option SISR (solutions d'infrastructure, systèmes et réseaux) ou SLAM (solutions logicielles et applications métiers). Capacité indicative : 35 places. Taux d'accès : 82%.","Lycée Dominique Villars","Gap","public","","0050006E","fr","B2","0","parcoursup","","","0","false","BTS_BACHELOR","BTS SIO (Bac+2)","Bac général|Bac STI2D|Bac STMG|Bac pro SN|Bac pro MELEC","Réseaux|Systèmes|Développement|Cybersécurité","Technicien support|Administrateur systèmes et réseaux|Développeur d'applications|Technicien d'infrastructure","licence_pro|bachelor","FR","","8","true"
"parcoursup","4678","https://dossierappel.parcoursup.fr/Candidats/public/fiches/afficherFicheFormation?g_ta_cod=4678&typeBac=0&originePc=0","FR","BTS","BTS Services informatiques aux organisations (SIO)","BTS SIO — Lycée St Sauveur","bachelor","2","Le BTS Services informatiques aux organisations (SIO) forme en 2 ans des techniciens IT, en option SISR (solutions d'infrastructure, systèmes et réseaux) ou SLAM (solutions logicielles et applications métiers). Capacité indicative : 35 places. Taux d'accès : 100%.","Lycée St Sauveur","Redon","privé","","0350774B","fr","B2","5000","parcoursup","","","0","false","BTS_BACHELOR","BTS SIO (Bac+2)","Bac général|Bac STI2D|Bac STMG|Bac pro SN|Bac pro MELEC","Réseaux|Systèmes|Développement|Cybersécurité","Technicien support|Administrateur systèmes et réseaux|Développeur d'applications|Technicien d'infrastructure","licence_pro|bachelor","FR","","8","true"
"parcoursup","3466","https://dossierappel.parcoursup.fr/Candidats/public/fiches/afficherFicheFormation?g_ta_cod=3466&typeBac=0&originePc=0","FR","BTS","BTS Services informatiques aux organisations (SIO)","BTS SIO — Lycée Louis Pergaud","bachelor","2","Le BTS Services informatiques aux organisations (SIO) forme en 2 ans des techniciens IT, en option SISR (solutions d'infrastructure, systèmes et réseaux) ou SLAM (solutions logicielles et applications métiers). Capacité indicative : 35 places. Taux d'accès : 30%.","Lycée Louis Pergaud","Besançon","public","","0250010A","fr","B2","0","parcoursup","","","0","false","BTS_BACHELOR","BTS SIO (Bac+2)","Bac général|Bac STI2D|Bac STMG|Bac pro SN|Bac pro MELEC","Réseaux|Systèmes|Développement|Cybersécurité","Technicien support|Administrateur systèmes et réseaux|Développeur d'applications|Technicien d'infrastructure","licence_pro|bachelor","FR","","8","true"
