"source","sourceId","sourceUrl","countryRef","formationCode","formationLabel","title","level","durationYears","description","schoolName","schoolCity","schoolType","schoolWebsiteUrl","schoolUai","languageCode","languageMinLevel","costPerYear","admissionPlatform","applicationOpens","applicationCloses","applicationFee","workStudy","resultingDiplomaCode","resultingDiplomaLabel","acceptedDiplomas","domains","outcomesJobs","outcomesNextLevels","internationallyRecognizedIn","documents","recommendsInternshipWeeks","isCurated"
"parcoursup","59","https://dossierappel.parcoursup.fr/Candidats/public/fiches/afficherFicheFormation?g_ta_cod=59&typeBac=0&originePc=0","FR","DIPL_INGE","Diplôme d'ingénieur INSA Toulouse","Diplôme d'ingénieur INSA Toulouse","ecole_inge","5","Grande école d'ingénieurs publique du réseau INSA. Cursus en 5 ans menant au titre d'ingénieur (grade de master). Capacité indicative : 270 places. Taux d'accès : 13%.","INSA Toulouse","Toulouse","public","https://www.insa-toulouse.fr","0310152X","fr","B2","601","parcoursup","","","0","false","DIPL_INGE_ECOLE_INGE","Diplôme d'ingénieur (Bac+5)","Bac général (spé Maths, Physique-Chimie, SI, NSI)|Bac STI2D|Bac STL","Ingénierie généraliste|Génie civil|Mécanique|Informatique|Génie physique","Ingénieur généraliste|Ingénieur BTP|Chef de projet|Consultant|Ingénieur qualité","doctorat","FR","","","true"
"parcoursup","60","https://dossierappel.parcoursup.fr/Candidats/public/fiches/afficherFicheFormation?g_ta_cod=60&typeBac=0&originePc=0","FR","DIPL_INGE","Diplôme d'ingénieur INSA Rennes","Diplôme d'ingénieur INSA Rennes","ecole_inge","5","Grande école d'ingénieurs publique du réseau INSA. Cursus en 5 ans menant au titre d'ingénieur (grade de master). Capacité indicative : 230 places. Taux d'accès : 20%.","INSA Rennes","Rennes","public","https://www.insa-rennes.fr","0350097R","fr","B2","601","parcoursup","","","0","false","DIPL_INGE_ECOLE_INGE","Diplôme d'ingénieur (Bac+5)","Bac général (spé Maths, Physique-Chimie, SI, NSI)|Bac STI2D|Bac STL","Ingénierie généraliste|Informatique|Électronique|Génie civil|Mécatronique","Ingénieur généraliste|Développeur logiciel|Ingénieur réseaux|Ingénieur systèmes embarqués|Chef de projet","doctorat","FR","","","true"
"parcoursup","55","https://dossierappel.parcoursup.fr/Candidats/public/fiches/afficherFicheFormation?g_ta_cod=55&typeBac=0&originePc=0","FR","DIPL_INGE","Diplôme d'ingénieur UTC","Diplôme d'ingénieur UTC","ecole_inge","5","Université de technologie : formation d'ingénieur par les compétences. Cursus en 5 ans menant au titre d'ingénieur (grade de master). Capacité indicative : 400 places. Taux d'accès : 22%.","UTC — Université de Technologie de Compiègne","Compiègne","public","https://www.utc.fr","0601223D","fr","B2","601","parcoursup","","","0","false","DIPL_INGE_ECOLE_INGE","Diplôme d'ingénieur (Bac+5)","Bac général (spé Maths, Physique-Chimie, SI, NSI)|Bac STI2D|Bac STL","Ingénierie généraliste|Génie informatique|Génie biologique|Génie mécanique|Génie des procédés","Ingénieur généraliste|Développeur logiciel|Chef de projet|Consultant|Ingénieur d'affaires","doctorat","FR","","","true"
"parcoursup","54","https://dossierappel.parcoursup.fr/Candidats/public/fiches/afficherFicheFormation?g_ta_cod=54&typeBac=0&originePc=0","FR","DIPL_INGE","Diplôme d'ingénieur UTT","Diplôme d'ingénieur UTT","ecole_inge","5","Université de technologie orientée systèmes, réseaux et sécurité. Cursus en 5 ans menant au titre d'ingénieur (grade de master). Capacité indicative : 314 places. Taux d'accès : 43%.","UTT — Université de Technologie de Troyes","Troyes","public","https://www.utt.fr","0101060Y","fr","B2","601","parcoursup","","","0","false","DIPL_INGE_ECOLE_INGE","Diplôme d'ingénieur (Bac+5)","Bac général (spé Maths, Physique-Chimie, SI, NSI)|Bac STI2D|Bac STL","Ingénierie généraliste|Informatique|Systèmes industriels|Matériaux|Réseaux & télécoms","Ingénieur généraliste|Ingénieur réseaux|Ingénieur cybersécurité|Chef de projet|Consultant","doctorat","FR","","","true"
"parcoursup","12","https://dossierappel.parcoursup.fr/Candidats/public/fiches/afficherFicheFormation?g_ta_cod=12&typeBac=0&originePc=0","FR","DIPL_INGE","Diplôme d'ingénieur Polytech Montpellier","Diplôme d'ingénieur Polytech Montpellier","ecole_inge","5","École d'ingénieurs publique du réseau Polytech (université de Montpellier). Cursus en 5 ans menant au titre d'ingénieur (grade de master). Capacité indicative : 180 places. Taux d'accès : 41%.","Polytech Montpellier","Montpellier","public","https://www.polytech.umontpellier.fr","0341143H","fr","B2","601","parcoursup","","","0","false","DIPL_INGE_ECOLE_INGE","Diplôme d'ingénieur (Bac+5)","Bac général (spé Maths, Physique-Chimie, SI, NSI)|Bac STI2D|Bac STL","Informatique|Électronique|Micro-électronique|Mécanique|Sciences de l'eau","Développeur logiciel|Ingénieur systèmes embarqués|Ingénieur réseaux|Ingénieur généraliste|Chef de projet","doctorat","FR","","","true"
"parcoursup","13652","https://dossierappel.parcoursup.fr/Candidats/public/fiches/afficherFicheFormation?g_ta_cod=13652&typeBac=0&originePc=0","FR","DIPL_INGE","Diplôme d'ingénieur ESILV Paris-La Défense","Diplôme d'ingénieur ESILV Paris-La Défense","ecole_inge","5","École d'ingénieurs du numérique du pôle Léonard de Vinci. Cursus en 5 ans menant au titre d'ingénieur (grade de master). Capacité indicative : 387 places. Taux d'accès : 34%.","ESILV Paris-La Défense","Courbevoie","privé","https://www.esilv.fr","0922563L","fr","B2","9950","parcoursup","","","0","false","DIPL_INGE_ECOLE_INGE","Diplôme d'ingénieur (Bac+5)","Bac général (spé Maths, Physique-Chimie, SI, NSI)|Bac STI2D","Numérique|Data & IA|Ingénierie financière|Mécanique|Objets connectés","Développeur logiciel|Data scientist|Ingénieur cybersécurité|Ingénieur d'affaires|Consultant","doctorat","FR","","","true"
"parcoursup","115","https://dossierappel.parcoursup.fr/Candidats/public/fiches/afficherFicheFormation?g_ta_cod=115&typeBac=0&originePc=0","FR","DIPL_INGE","Diplôme d'ingénieur EPF Paris-Cachan","Diplôme d'ingénieur EPF Paris-Cachan","ecole_inge","5","École d'ingénieurs généraliste (ex-École Polytechnique Féminine). Cursus en 5 ans menant au titre d'ingénieur (grade de master). Capacité indicative : 120 places. Taux d'accès : 73%.","EPF Paris-Cachan","Cachan","privé","https://www.epf.fr","0942500G","fr","B2","9500","parcoursup","","","0","false","DIPL_INGE_ECOLE_INGE","Diplôme d'ingénieur (Bac+5)","Bac général (spé Maths, Physique-Chimie, SI, NSI)|Bac STI2D","Ingénierie généraliste|Numérique|Énergie|Aéronautique|Ingénierie de la santé","Ingénieur généraliste|Chef de projet|Consultant|Ingénieur qualité|Ingénieur d'affaires","doctorat","FR","","","true"
"parcoursup","167","https://dossierappel.parcoursup.fr/Candidats/public/fiches/afficherFicheFormation?g_ta_cod=167&typeBac=0&originePc=0","FR","DIPL_INGE","Diplôme d'ingénieur EFREI Paris","Diplôme d'ingénieur EFREI Paris","ecole_inge","5","Grande école d'ingénieurs du numérique. Cursus en 5 ans menant au titre d'ingénieur (grade de master). Capacité indicative : 180 places. Taux d'accès : 85%.","EFREI Paris","Villejuif","privé","https://www.efrei.fr","0941934S","fr","B2","9290","parcoursup","","","0","false","DIPL_INGE_ECOLE_INGE","Diplôme d'ingénieur (Bac+5)","Bac général (spé Maths, Physique-Chimie, SI, NSI)|Bac STI2D","Numérique|Data & IA|Cybersécurité|Réseaux|Systèmes embarqués","Développeur logiciel|Data scientist|Ingénieur cybersécurité|Ingénieur réseaux|Chef de projet","doctorat","FR","","","true"
"parcoursup","105","https://dossierappel.parcoursup.fr/Candidats/public/fiches/afficherFicheFormation?g_ta_cod=105&typeBac=0&originePc=0","FR","DIPL_INGE","Diplôme d'ingénieur ESTACA Paris-Saclay","Diplôme d'ingénieur ESTACA Paris-Saclay","ecole_inge","5","École d'ingénieurs spécialisée dans les transports et la mobilité. Cursus en 5 ans menant au titre d'ingénieur (grade de master). Capacité indicative : 230 places. Taux d'accès : 37%.","ESTACA Paris-Saclay","Montigny-le-Bretonneux","privé","https://www.estaca.fr","0783664J","fr","B2","9600","parcoursup","","","0","false","DIPL_INGE_ECOLE_INGE","Diplôme d'ingénieur (Bac+5)","Bac général (spé Maths, Physique-Chimie, SI, NSI)|Bac STI2D","Aéronautique|Automobile|Spatial|Ferroviaire|Systèmes embarqués","Ingénieur généraliste|Ingénieur systèmes embarqués|Ingénieur qualité|Chef de projet|Consultant","doctorat","FR","","","true"
"parcoursup","29282","https://dossierappel.parcoursup.fr/Candidats/public/fiches/afficherFicheFormation?g_ta_cod=29282&typeBac=0&originePc=0","FR","DIPL_INGE","Diplôme d'ingénieur ECAM LaSalle","Diplôme d'ingénieur ECAM LaSalle","ecole_inge","5","École d'ingénieurs généraliste (réseau ECAM / LaSalle). Cursus en 5 ans menant au titre d'ingénieur (grade de master). Capacité indicative : 130 places. Taux d'accès : 66%.","ECAM LaSalle","Lyon","privé","https://www.ecam.fr","0690194L","fr","B2","8600","parcoursup","","","0","false","DIPL_INGE_ECOLE_INGE","Diplôme d'ingénieur (Bac+5)","Bac général (spé Maths, Physique-Chimie, SI, NSI)|Bac STI2D","Ingénierie généraliste|Mécanique|Énergie|Génie industriel|Numérique","Ingénieur généraliste|Chef de projet|Ingénieur qualité|Consultant|Ingénieur d'affaires","doctorat","FR","","","true"
